texto,sentimento
"Produto incrível, superou todas as minhas expectativas!",positivo
"Entrega demorou demais e o produto veio com defeito.",negativo
"É ok, funciona como descrito mas nada especial.",neutro
"Amei! Qualidade excelente e chegou antes do prazo.",positivo
"Péssima experiência, o atendimento foi horrível.",negativo
"Produto razoável pelo preço. Nem bom nem ruim.",neutro
"Recomendo muito! Já comprei três vezes e sempre ótimo.",positivo
"Veio errado e o suporte demorou uma semana para responder.",negativo
"Funciona bem, mas a embalagem estava um pouco amassada.",neutro
"Melhor compra que fiz esse ano! Perfeito em todos os sentidos.",positivo
"Não vale o preço. Qualidade muito abaixo do esperado.",negativo
"Produto adequado. Faz o que promete sem surpresas.",neutro
"Chegou rapidíssimo e funcionando perfeitamente. Adorei!",positivo
"Decepcionante. Parou de funcionar em menos de um mês.",negativo
"Nada demais, mas cumpre o papel básico.",neutro
"Surpreendente! Qualidade muito acima do que esperava pelo valor.",positivo
"Produto com cheiro forte e embalagem rasgada. Péssimo.",negativo
"Comprei com expectativa baixa e foi exatamente isso.",neutro
"Atendimento nota 10 e produto chegou impecável!",positivo
"Frustrado. Anunciaram uma coisa e entregaram outra.",negativo
"Produto médio. Dá pra usar, mas existem melhores opções.",neutro
"Fantástico! Minha família adorou. Vale cada centavo.",positivo
"Lixo total. Jogou na primeira semana.",negativo
"Compra tranquila. Produto conforme descrito.",neutro
"Produto de altíssima qualidade, recomendo de olhos fechados!",positivo
"O pior produto que já comprei nessa plataforma.",negativo
"Nada extraordinário. Cumpre a função básica.",neutro
"Entrega super rápida e produto excelente. Voltarei a comprar!",positivo
"Veio com peças faltando e o suporte não resolveu.",negativo
"Produto simples. Funciona bem para o uso cotidiano.",neutro
"Estou muito satisfeita! Superou minhas expectativas.",positivo
"Horrível. Parou de funcionar no segundo dia.",negativo
"Razoável. Nem gostei muito nem desgostei.",neutro
"Maravilhoso! Entrega rápida e qualidade impecável.",positivo
"Produto com defeito de fábrica. Muito decepcionante.",negativo
"Produto ok. Faz o que promete.",neutro
"Excelente custo-benefício! Recomendo a todos.",positivo
"Compra arrependida. Qualidade muito ruim para o preço.",negativo
"Produto satisfatório. Atendeu às expectativas básicas.",neutro
"Top demais! Já indiquei para vários amigos.",positivo
"Muito frágil. Quebrou fácil.",negativo
"Produto mediano. Nada especial, mas funciona.",neutro
"Superou expectativas! Produto de primeira qualidade.",positivo
"Demorou o dobro do prazo e chegou diferente do anunciado.",negativo
"Produto comum. Atende o básico.",neutro
"Ótima compra! Produto durável e bem acabado.",positivo
"Produto com cheiro desagradável e aparência inferior ao anunciado.",negativo
"Compra neutra. Produto dentro do esperado.",neutro
"Adorei! Entrega expressa e produto perfeito.",positivo
"Arrependimento total. Não recomendo para ninguém.",negativo
"Produto básico mas funcional.",neutro
"Sensacional! Melhor produto dessa categoria.",positivo
"Qualidade péssima. Se pudesse daria zero estrelas.",negativo
"Está de acordo com o anunciado. Sem reclamações.",neutro
"Produto fantástico! Superou todas as expectativas.",positivo
"Decepcionante demais. Esperava muito mais.",negativo
"Produto razoável para o valor pago.",neutro
"Experiência de compra excelente do início ao fim!",positivo
"Produto horrível e atendimento pior ainda.",negativo
"Produto simples, funciona bem.",neutro
"Incrível! Qualidade premium a um preço justo.",positivo
"Produto com defeito desde o primeiro uso.",negativo
"Compra ok. Produto como descrito.",neutro
"Produto maravilhoso! Já comprei mais dois para presentear.",positivo
"Nunca mais compro nessa loja. Produto ruim e suporte inexistente.",negativo
"Produto adequado às necessidades.",neutro
"Chegou antes do prazo e com tudo funcionando. Amei!",positivo
"Total decepção. Produto fraco e entrega péssima.",negativo
"Produto dentro da média. Serve para o uso básico.",neutro
"Excelente! Qualidade superior e entrega rápida.",positivo
"Produto com mau cheiro e acabamento ruim.",negativo
"Produto satisfatório. Cumpre o que promete.",neutro
"Produto top! Recomendo sem hesitar.",positivo
"Muito abaixo do esperado. Não vale.",negativo
"Produto neutro. Nem bom nem mau.",neutro
"Ótimo produto! Durável e bem fabricado.",positivo
"Produto com defeito enviado. Péssima experiência.",negativo
"Produto dentro do esperado para a faixa de preço.",neutro
"Produto sensacional! Superou tudo que esperava.",positivo
"Produto de baixíssima qualidade. Decepcionante.",negativo
"Produto simples, faz o que deve fazer.",neutro
"Compra perfeita! Produto e entrega excelentes.",positivo
"Produto com problemas sérios de qualidade.",negativo
"Produto razoável. Atende necessidades básicas.",neutro
"Maravilhoso! Uso todo dia e funciona perfeitamente.",positivo
"Horrível! Produto estragou rapidamente.",negativo
"Produto médio. Funcional mas sem destaque.",neutro
"Estou encantada! Produto de altíssima qualidade.",positivo
"Péssimo produto. Não recomendo de jeito nenhum.",negativo
"Produto ok para o preço pago.",neutro
"Perfeito em todos os aspectos! Produto e atendimento top.",positivo
"Produto frágil e de baixa qualidade.",negativo
"Produto mediano. Faz o básico.",neutro
"Excelente qualidade! Muito satisfeito com a compra.",positivo
"Produto com defeito e atendimento lento.",negativo
"Produto funcional. Sem surpresas.",neutro
"Produto incrível! Vale muito o investimento.",positivo
"Produto péssimo. Chegou danificado.",negativo
"Produto regular. Atende o básico.",neutro
"Muito bom! Recomendo a todos os meus amigos.",positivo
"Qualidade muito ruim. Não voltarei a comprar.",negativo
"Produto simples e funcional.",neutro
"Produto excelente! Chegou rápido e funcionando.",positivo
"Decepção total. Produto muito abaixo do anunciado.",negativo
"Produto razoável. Faz o que promete.",neutro
"Produto fantástico! Adorei cada detalhe.",positivo
"Produto ruim. Parou de funcionar cedo demais.",negativo
"Produto comum. Cumpre a função.",neutro
"Incrível qualidade! Voltarei a comprar com certeza.",positivo
"Produto com problema desde o início.",negativo
"Produto adequado para uso diário.",neutro
"Top! Produto e atendimento de excelência.",positivo
"Produto fraco. Não vale o preço cobrado.",negativo
"Produto ok. Sem reclamações relevantes.",neutro
"Produto extraordinário! Superou todas as expectativas.",positivo
"Produto com falhas. Muito decepcionante.",negativo
"Produto regular. Faz o básico.",neutro
"Produto de ótima qualidade! Recomendo muito.",positivo
"Produto com defeito de fabricação.",negativo
"Produto simples mas útil.",neutro
"Compra excelente! Produto durável e de qualidade.",positivo
"Produto horrível. Pior compra que já fiz.",negativo
"Produto neutro. Nem impressiona nem decepciona.",neutro
"Produto top de linha! Valeu cada centavo.",positivo
"Produto ruim e entrega atrasada.",negativo
"Produto dentro do padrão. Funcional.",neutro
"Produto incrível e atendimento nota 10!",positivo
"Produto com acabamento péssimo.",negativo
"Produto básico. Cumpre o papel.",neutro
"Maravilhoso! Produto perfeito para as minhas necessidades.",positivo
"Produto de baixa qualidade. Arrependimento total.",negativo
"Produto satisfatório. Atendeu ao esperado.",neutro
"Produto sensacional! Uso todo dia.",positivo
"Produto com defeito grave desde o primeiro uso.",negativo
"Produto razoável para uso básico.",neutro
"Excelente produto e entrega superrápida!",positivo
"Produto muito ruim. Decepcionante.",negativo
"Produto simples e funcional para o dia a dia.",neutro
"Produto de altíssima qualidade! Muito satisfeito.",positivo
"Produto frágil. Quebrou logo.",negativo
"Produto adequado. Funciona bem.",neutro
"Adorei o produto! Recomendo para todo mundo.",positivo
"Péssima qualidade. Não recomendo.",negativo
"Produto dentro da média.",neutro
"Produto fantástico! Qualidade e durabilidade excelentes.",positivo
"Produto com problema de qualidade.",negativo
"Produto razoável. Sem grandes defeitos.",neutro
"Produto perfeito! Superou tudo que esperava.",positivo
"Produto ruim. Muito abaixo das expectativas.",negativo
"Produto funcional. Atende ao básico.",neutro
"Produto excelente! Durável e bem fabricado.",positivo
"Produto com defeito. Muito insatisfeito.",negativo
"Produto simples. Faz o que deve.",neutro
"Produto incrível! Melhor compra do ano.",positivo
"Produto horrível. Parou de funcionar.",negativo
"Produto neutro. Cumpre o básico.",neutro
"Produto top! Qualidade e entrega perfeitas.",positivo
"Produto com qualidade muito abaixo do anunciado.",negativo
"Produto ok. Sem problemas relevantes.",neutro
"Produto maravilhoso! Recomendo de olhos fechados.",positivo
"Produto péssimo. Não funciona direito.",negativo
"Produto regular. Funcional mas sem destaque.",neutro
"Produto excelente! Muito feliz com a compra.",positivo
"Produto com defeito e atendimento ruim.",negativo
"Produto básico e funcional.",neutro
"Produto sensacional! Valeu muito a pena.",positivo
"Produto fraco. Não vale o preço.",negativo
"Produto médio. Atende o necessário.",neutro
"Produto de qualidade premium! Recomendo.",positivo
"Produto ruim. Arrependimento total.",negativo
"Produto simples. Sem surpresas.",neutro
"Produto incrível! Entrega rápida e qualidade impecável.",positivo
"Produto com falhas. Muito ruim.",negativo
"Produto razoável. Cumpre a função.",neutro
"Produto fantástico! Superou as expectativas.",positivo
"Produto de baixa qualidade. Decepcionante.",negativo
"Produto adequado para uso cotidiano.",neutro
"Produto excelente! Durável e funcional.",positivo
"Produto com defeito grave.",negativo
"Produto ok. Funciona como esperado.",neutro
"Produto maravilhoso! Recomendo muito.",positivo
"Produto muito ruim. Não recomendo.",negativo
"Produto dentro do esperado.",neutro
"Produto top! Qualidade excelente.",positivo
"Produto horrível. Péssima experiência.",negativo
"Produto simples e adequado.",neutro
"Produto incrível! Valeu cada centavo.",positivo
"Produto ruim e com defeito.",negativo
"Produto básico. Cumpre o propósito.",neutro
"Produto sensacional! Muito satisfeito.",positivo
"Produto péssimo. Quebrou logo.",negativo
"Produto razoável. Sem grandes problemas.",neutro
"Produto de altíssima qualidade! Recomendo.",positivo
"Produto com problema de fabricação.",negativo
"Produto simples mas funcional.",neutro
"Produto excelente! Superou expectativas.",positivo
"Produto muito abaixo do esperado.",negativo
"Produto mediano. Faz o básico.",neutro
"Produto incrível! Ótimo custo-benefício.",positivo
"Produto com defeito. Insatisfeito.",negativo
"Produto regular. Atende ao básico.",neutro
"Produto fantástico! Uso diário perfeito.",positivo
"Produto ruim. Decepcionante.",negativo
"Produto funcional. Cumpre o que promete.",neutro
"Produto top de qualidade! Recomendo.",positivo
"Produto horrível e atendimento ruim.",negativo
"Produto simples. Sem reclamações.",neutro
"Produto excelente! Recomendo para todos.",positivo
"Produto péssimo. Não vale nada.",negativo
"Produto razoável para o uso.",neutro
"Produto maravilhoso! Melhor do mercado.",positivo
"Produto com qualidade abaixo do esperado.",negativo
"Produto ok. Sem problemas.",neutro
"Produto incrível! Recomendo de coração.",positivo
"Produto com defeito. Muito insatisfeito.",negativo
"Produto básico. Funciona bem.",neutro
"Produto sensacional! Qualidade impecável.",positivo
"Produto ruim. Muito abaixo do anunciado.",negativo
"Produto simples e funcional.",neutro
"Produto excelente! Durável e bem feito.",positivo
"Produto horrível. Pior que esperava.",negativo
"Produto adequado. Sem surpresas.",neutro
"Produto fantástico! Top demais.",positivo
"Produto com problema. Insatisfeito.",negativo
"Produto razoável. Cumpre o básico.",neutro
"Produto incrível! Superou tudo.",positivo
"Produto péssimo. Quebrou rápido.",negativo
"Produto dentro da média.",neutro
"Produto top! Muito satisfeito.",positivo
"Produto com defeito de qualidade.",negativo
"Produto simples. Funciona.",neutro
"Produto excelente! Recomendo sem hesitar.",positivo
"Produto ruim. Arrependido da compra.",negativo
"Produto básico. Faz o que promete.",neutro
"Produto maravilhoso! Qualidade incrível.",positivo
"Produto horrível. Não funciona.",negativo
"Produto razoável. Funciona bem.",neutro
"Produto sensacional! Recomendo a todos.",positivo
"Produto péssimo. Muito decepcionado.",negativo
"Produto mediano. Cumpre o papel.",neutro
"Produto incrível! Ótima qualidade.",positivo
"Produto com defeito. Arrependimento.",negativo
"Produto simples mas útil.",neutro
"Produto excelente! Muito bom mesmo.",positivo
"Produto ruim. Não recomendo de jeito nenhum.",negativo
"Produto ok. Atende o básico.",neutro
"Produto fantástico! Recomendo para todos.",positivo
"Produto horrível. Defeito grave.",negativo
"Produto razoável. Sem grandes problemas.",neutro
"Produto top! Excelente qualidade.",positivo
"Produto péssimo. Abaixo das expectativas.",negativo
"Produto adequado. Funcional.",neutro
"Produto incrível! Superou expectativas.",positivo
"Produto com problemas. Decepcionante.",negativo
"Produto simples. Cumpre a função.",neutro
"Produto maravilhoso! Ótima compra.",positivo
"Produto ruim. Muito abaixo do esperado.",negativo
"Produto básico. Funciona como esperado.",neutro
"Produto sensacional! Muito feliz.",positivo
"Produto horrível. Péssima qualidade.",negativo
"Produto razoável. Faz o básico.",neutro
"Produto excelente! Durável e bonito.",positivo
"Produto com defeito. Insatisfeito.",negativo
"Produto mediano. Sem destaques.",neutro
"Produto incrível! Valeu o investimento.",positivo
"Produto péssimo. Lamentável.",negativo
"Produto ok. Funciona bem.",neutro
"Produto fantástico! Recomendo demais.",positivo
"Produto ruim. Muito fraco.",negativo
"Produto simples e adequado.",neutro
"Produto top! Qualidade e custo ótimos.",positivo
"Produto horrível. Não vale nada.",negativo
"Produto razoável. Atende o necessário.",neutro
"Produto excelente! Superou tudo.",positivo
"Produto com defeito grave. Triste.",negativo
"Produto básico mas funcional.",neutro
"Produto maravilhoso! Recomendo com certeza.",positivo
"Produto péssimo. Decepção total.",negativo
"Produto simples. Sem problemas.",neutro
"Produto sensacional! Adorei.",positivo
"Produto ruim e frágil.",negativo
"Produto razoável. Cumpre o propósito.",neutro
"Produto incrível! Qualidade premium.",positivo
"Produto horrível. Quebrou logo.",negativo
"Produto mediano. Funciona.",neutro
"Produto excelente! Muito recomendado.",positivo
"Produto com falhas sérias.",negativo
"Produto ok. Sem reclamações.",neutro
